model_key,regime,score,confirmatory,analysis_status,fit_n,certification_n,test_n,vqa_accuracy,entirely_wrong_rate,substantive_prediction_rate,aurc,correctness_auroc,platt_status,correctness_ece_10bin,correctness_brier,fit_threshold,fit_accepted,fit_coverage,fit_entirely_wrong_risk,certification_delta,certification_accepted,certification_errors,certification_coverage,certification_empirical_risk,certification_upper_bound,certified,deployed_threshold,candidate_test_accepted,candidate_test_errors,candidate_test_coverage,candidate_test_entirely_wrong_risk,candidate_test_soft_risk,candidate_test_answered_vqa_accuracy,test_accepted,test_errors,test_coverage,test_entirely_wrong_risk,test_soft_risk,test_answered_vqa_accuracy,oracle_test_coverage_at_0.01_entirely_wrong_risk,oracle_test_coverage_at_0.05_entirely_wrong_risk,oracle_test_coverage_at_0.10_entirely_wrong_risk,phi_1,phi_1_threshold,phi_1_coverage,phi_10,phi_10_threshold,phi_10_coverage,phi_100,phi_100_threshold,phi_100_coverage,false_answer_on_unanswerable_rate
base,natural,likelihood,True,confirmatory,860,860,2581,0.6948469585432003,0.2049593180937621,0.5939558310732275,0.15120022704573183,0.7983128636546207,fitted,0.0331922747424511,0.14809837883908625,-0.0015003501042154346,147,0.17093023255813952,0.047619047619047616,0.025,168,17,0.19534883720930232,0.10119047619047619,0.15706877101804564,False,inf,420,32,0.16272762495156917,0.0761904761904762,0.1473809523809524,0.8526190476190475,0,0,0.0,,,,0.02828361100348702,0.1173963580007749,0.2103835722588144,0.18043394033320417,-0.03823731672044826,0.3204184424641612,-0.07896164277411856,-0.007762721495814412,0.23324292909724914,-0.06590468810538551,-2.777661432498193e-05,0.0526927547462224,0.16014669926650366
base,natural,visual_delta,False,exploratory_marginal,860,860,2581,0.6948469585432003,0.2049593180937621,0.5939558310732275,0.23660369715245863,0.399435103195923,fitted,0.02923134484443625,0.16137779581053427,44.545820483332754,4,0.004651162790697674,0.0,0.05,1,0,0.0011627906976744186,0.0,0.95,False,inf,19,5,0.007361487795428129,0.2631578947368421,0.39473684210526316,0.6052631578947368,0,0,0.0,,,,0.0,0.0,0.0,0.1675319643549012,10.151219530398212,0.49631925610228594,-0.08872530027121271,34.16851566427142,0.06664083688492832,-0.18926772568771794,44.545820483332754,0.007361487795428129,0.16014669926650366
base,shift,likelihood,False,exploratory_marginal,300,300,600,0.5781666666666666,0.2683333333333333,0.5733333333333334,0.09900261541199507,0.6329319882850635,fitted,0.08584949250488023,0.19907542074259446,-0.012553444644600328,89,0.2966666666666667,0.0449438202247191,0.05,82,3,0.2733333333333333,0.036585365853658534,0.09184700554975765,True,-0.012553444644600328,154,10,0.25666666666666665,0.06493506493506493,0.1616883116883117,0.8383116883116882,154,10,0.25666666666666665,0.06493506493506493,0.1616883116883117,0.8383116883116882,0.056666666666666664,0.24,0.3016666666666667,0.2346666666666667,-0.8933456499251521,0.5733333333333334,0.11549999999999999,-0.006942245111580662,0.22833333333333333,-0.09866666666666667,-4.550086340477974e-05,0.07166666666666667,
base,shift,visual_delta,False,exploratory_marginal,300,300,600,0.5781666666666666,0.2683333333333333,0.5733333333333334,0.1840786985773773,0.6159538193805798,fitted,0.07298897624839959,0.1994369088622779,30.80235077389411,21,0.07,0.047619047619047616,0.05,23,1,0.07666666666666666,0.043478260869565216,0.19020396669201167,False,inf,38,6,0.06333333333333334,0.15789473684210525,0.23421052631578942,0.7657894736842106,0,0,0.0,,,,0.0,0.0,0.0,0.24033333333333332,1.749891264745411,0.5616666666666666,-0.0515,32.81626165723975,0.06333333333333334,-0.9515,32.81626165723975,0.06333333333333334,
base,shift,acquisition,False,exploratory_marginal,300,300,600,0.5781666666666666,0.2683333333333333,0.5733333333333334,0.18393132424840203,0.6143974872310022,fitted,0.07299625461879365,0.1994534703653405,30.80235077389411,21,0.07,0.047619047619047616,0.05,23,1,0.07666666666666666,0.043478260869565216,0.19020396669201167,False,inf,38,6,0.06333333333333334,0.15789473684210525,0.23421052631578942,0.7657894736842106,0,0,0.0,,,,0.0,0.0,0.0,0.24033333333333332,1.7499226072597003,0.5616666666666666,-0.0515,32.81626165723975,0.06333333333333334,-0.9515,32.81626165723975,0.06333333333333334,
finetuned,natural,likelihood,True,confirmatory,860,860,2581,0.7263076327005037,0.16582719876017046,0.45989926385122043,0.1314230847543144,0.7599491689492167,fitted,0.06090111437633038,0.12801536680219772,-0.021922766378066963,12,0.013953488372093023,0.0,0.025,11,1,0.012790697674418604,0.09090909090909091,0.4127799169883827,False,inf,35,0,0.013560635412630763,0.0,0.04285714285714286,0.9571428571428572,0,0,0.0,,,,0.024409143742735374,0.0526927547462224,0.12592018597442853,0.19755908562572647,-1.1131980286226206,0.44401394808213873,0.012979465323518017,-0.021922766378066963,0.013560635412630763,0.012979465323518017,-0.021922766378066963,0.013560635412630763,0.08190709046454768
finetuned,natural,visual_delta,False,exploratory_marginal,860,860,2581,0.7263076327005037,0.16582719876017046,0.45989926385122043,0.1822974949915074,0.4936113920588963,fitted,0.016730002911243994,0.13790872010058317,13.574139496154208,29,0.03372093023255814,0.034482758620689655,0.05,22,2,0.02558139534883721,0.09090909090909091,0.2594665322284372,False,inf,78,11,0.030220844633862844,0.14102564102564102,0.2487179487179487,0.7512820512820513,0,0,0.0,,,,0.0019372336303758234,0.0019372336303758234,0.0019372336303758234,0.19593180937621074,0.22626144643620444,0.45989926385122043,-0.019914761720263466,13.574139496154208,0.030220844633862844,-0.18601317318868657,15.708186546722175,0.010073614877954282,0.08190709046454768
finetuned,shift,likelihood,False,exploratory_marginal,300,300,600,0.5609999999999999,0.265,0.41,0.06366508662804288,0.5419786363182589,fitted,0.06522231427633059,0.1975916347008198,-0.02771372959094124,9,0.03,0.0,0.05,6,0,0.02,0.0,0.39303776899708265,False,inf,7,0,0.011666666666666667,0.0,0.014285714285714282,0.9857142857142858,0,0,0.0,,,,0.06833333333333333,0.21333333333333335,0.29,0.24366666666666664,-0.8894276520982022,0.375,0.0115,-0.02771372959094124,0.011666666666666667,0.0115,-0.02771372959094124,0.011666666666666667,
finetuned,shift,visual_delta,False,exploratory_marginal,300,300,600,0.5609999999999999,0.265,0.41,0.1360585056592563,0.6868323849455925,fitted,0.04932127408163656,0.18664243672824218,13.982297747351874,7,0.023333333333333334,0.0,0.05,5,0,0.016666666666666666,0.0,0.45071972834694096,False,inf,18,2,0.03,0.1111111111111111,0.1888888888888889,0.8111111111111111,0,0,0.0,,,,0.0,0.0,0.06666666666666667,0.24816666666666667,0.23125359177109284,0.41,-0.009000000000000001,13.982297747351874,0.03,-0.309,13.982297747351874,0.03,
finetuned,shift,acquisition,False,exploratory_marginal,300,300,600,0.5609999999999999,0.265,0.41,0.13529800914083243,0.688230008984726,fitted,0.049627591271871746,0.18654529388771418,13.982297747351874,7,0.023333333333333334,0.0,0.05,5,0,0.016666666666666666,0.0,0.45071972834694096,False,inf,18,2,0.03,0.1111111111111111,0.1888888888888889,0.8111111111111111,0,0,0.0,,,,0.0,0.0,0.06666666666666667,0.24816666666666667,0.23125359177109284,0.41,-0.009000000000000001,13.982297747351874,0.03,-0.309,13.982297747351874,0.03,
