regime,score,metric,n,finetuned_minus_base,ci_2.5%,ci_97.5%,discordant_improved,discordant_worsened,p_value,analysis_status
natural,all,vqa_accuracy,2581,0.03146067415730337,0.019682293684618365,0.043006586594343275,,,,secondary_paired_comparison
natural,all,entirely_wrong_rate,2581,-0.03913211933359163,-0.05230530802014723,-0.02557148392096087,,,,secondary_paired_comparison
natural,all,substantive_prediction_rate,2581,-0.13405656722200698,-0.14761720263463773,-0.12087369236729956,,,,secondary_paired_comparison
natural,all,mcnemar_entirely_wrong,2581,-0.03913211933359165,,,209.0,108.0,1.4843031405356252e-08,secondary_paired_comparison
natural,likelihood,aurc,2581,-0.019777142291417416,-0.035575613986884504,-0.0035668798857659795,,,,secondary_paired_comparison
natural,likelihood,correctness_auroc,2581,-0.03836369470540402,-0.05947522131736106,-0.01676674046417067,,,,secondary_paired_comparison
natural,likelihood,deployed_test_coverage,2581,0.0,0.0,0.0,,,,secondary_paired_comparison
natural,visual_delta,aurc,2581,-0.05430620216095122,-0.08251375154910803,-0.024825069076104583,,,,secondary_paired_comparison
natural,visual_delta,correctness_auroc,2581,0.0941762888629733,0.0640620323281241,0.12441650788064518,,,,secondary_paired_comparison
shift,all,vqa_accuracy,600,-0.017166666666666667,-0.040333333333333325,0.004504166666666647,,,,secondary_paired_comparison
shift,all,entirely_wrong_rate,600,-0.0033333333333333335,-0.030041666666666664,0.021666666666666667,,,,secondary_paired_comparison
shift,all,substantive_prediction_rate,600,-0.16333333333333333,-0.195,-0.135,,,,secondary_paired_comparison
shift,all,mcnemar_entirely_wrong,600,-0.0033333333333332993,,,34.0,32.0,0.9021585000966994,secondary_paired_comparison
shift,likelihood,aurc,600,-0.03533752878395219,-0.06227525724095083,-0.007213271483065294,,,,secondary_paired_comparison
shift,likelihood,correctness_auroc,600,-0.09095335196680454,-0.13929958805396653,-0.04274194464750374,,,,secondary_paired_comparison
shift,visual_delta,aurc,600,-0.048020192918120985,-0.10699251068873679,0.005002158162809071,,,,secondary_paired_comparison
shift,visual_delta,correctness_auroc,600,0.07087856556501271,0.023591519335985765,0.12380832300916303,,,,secondary_paired_comparison
shift,acquisition,aurc,600,-0.0486333151075696,-0.10831162311666045,0.006614054088768853,,,,secondary_paired_comparison
shift,acquisition,correctness_auroc,600,0.07383252175372379,0.023209817887922354,0.12314612740609773,,,,secondary_paired_comparison
