model_key,analysis_status,dimension,value,n,vqa_accuracy,entirely_wrong_rate,semantic_abstention_rate,false_answer_on_unanswerable_rate
base,exploratory_subgroup,answerability,answerable,1763,0.6141236528644356,0.25070901871809415,0.20476460578559275,
base,exploratory_subgroup,answerability,unanswerable,818,0.8688264058679707,0.10635696821515893,0.8398533007334963,0.16014669926650366
base,exploratory_subgroup,answer_type,number,30,0.7533333333333333,0.16666666666666666,0.23333333333333334,
base,exploratory_subgroup,answer_type,other,1613,0.5989460632362058,0.2616243025418475,0.19156850588964663,
base,exploratory_subgroup,answer_type,unanswerable,818,0.8688264058679707,0.10635696821515893,0.8398533007334963,0.16014669926650366
base,exploratory_subgroup,answer_type,yes/no,120,0.7833333333333333,0.125,0.375,
base,exploratory_subgroup,corruption,blur,200,0.627,0.215,0.41,
base,exploratory_subgroup,corruption,low_light,200,0.6295000000000001,0.245,0.275,
base,exploratory_subgroup,corruption,low_resolution,200,0.478,0.345,0.595,
finetuned,exploratory_subgroup,answerability,answerable,1763,0.6277935337492909,0.22291548496880317,0.3647192285876347,
finetuned,exploratory_subgroup,answerability,unanswerable,818,0.9386308068459659,0.042787286063569685,0.9180929095354523,0.08190709046454768
finetuned,exploratory_subgroup,answer_type,number,30,0.73,0.16666666666666666,0.36666666666666664,
finetuned,exploratory_subgroup,answer_type,other,1613,0.6138871667699938,0.23186608803471792,0.3614383137011779,
finetuned,exploratory_subgroup,answer_type,unanswerable,818,0.9386308068459659,0.042787286063569685,0.9180929095354523,0.08190709046454768
finetuned,exploratory_subgroup,answer_type,yes/no,120,0.7891666666666666,0.11666666666666667,0.4083333333333333,
finetuned,exploratory_subgroup,corruption,blur,200,0.6065,0.205,0.555,
finetuned,exploratory_subgroup,corruption,low_light,200,0.624,0.215,0.49,
finetuned,exploratory_subgroup,corruption,low_resolution,200,0.4525,0.375,0.725,
