seed,model_key,certified,certification_upper_bound,test_coverage,test_entirely_wrong_risk
1000,smolvlm,False,0.932414013511457,0.005424254165052305,0.35714285714285715
1000,llava_onevision,False,1.0,0.0038744672607516468,0.0
1001,smolvlm,False,0.8818827512429748,0.006199147617202635,0.3125
1001,llava_onevision,False,0.2729587437223315,0.0755521115846571,0.09743589743589744
1002,smolvlm,False,1.0,0.0,
1002,llava_onevision,False,0.7075982261787133,0.002324680356450988,0.0
1003,smolvlm,False,0.9915962413403874,0.0065865943432778,0.29411764705882354
1003,llava_onevision,False,0.19060723188579232,0.049205734211545914,0.10236220472440945
1004,smolvlm,False,0.6097425595724211,0.01162340178225494,0.36666666666666664
1004,llava_onevision,False,0.16800795000943566,0.09182487407981403,0.1350210970464135
1005,smolvlm,False,0.975,0.004261913986826811,0.18181818181818182
1005,llava_onevision,False,1.0,0.0065865943432778,0.0
1006,smolvlm,False,0.7075982261787133,0.002324680356450988,0.3333333333333333
1006,llava_onevision,False,0.5218237501049814,0.010461061604029445,0.1111111111111111
1007,smolvlm,False,1.0,0.0,
1007,llava_onevision,False,0.22736062472321764,0.10887253002712127,0.12455516014234876
1008,smolvlm,False,0.975,0.003487020534676482,0.2222222222222222
1008,llava_onevision,False,0.36941664755281917,0.002324680356450988,0.0
1009,smolvlm,False,1.0,0.0,
1009,llava_onevision,False,0.48249651491733697,0.008523827973653622,0.09090909090909091
1010,smolvlm,False,0.5218237501049814,0.004261913986826811,0.2727272727272727
1010,llava_onevision,False,0.7164179361180893,0.005424254165052305,0.0
1011,smolvlm,False,0.841886116991581,0.008523827973653622,0.4090909090909091
1011,llava_onevision,False,0.6412345789976748,0.01084850833010461,0.07142857142857142
1012,smolvlm,False,0.7075982261787133,0.005036807438977141,0.23076923076923078
1012,llava_onevision,False,0.22844439766763341,0.02479659046881054,0.09375
1013,smolvlm,False,1.0,0.002324680356450988,0.16666666666666666
1013,llava_onevision,False,0.25417593607747896,0.04726850058117009,0.07377049180327869
1014,smolvlm,False,1.0,0.0,
1014,llava_onevision,False,0.3957845512666742,0.01898488957768307,0.04081632653061224
1015,smolvlm,False,1.0,0.005036807438977141,0.15384615384615385
1015,llava_onevision,False,0.2803793359094109,0.04571871367686943,0.0847457627118644
1016,smolvlm,False,0.975,0.002324680356450988,0.16666666666666666
1016,llava_onevision,False,0.16234390472382562,0.08795040681906238,0.14096916299559473
1017,smolvlm,False,0.7879914932211319,0.0131731886865556,0.3235294117647059
1017,llava_onevision,False,0.4127799169883827,0.008523827973653622,0.09090909090909091
1018,smolvlm,False,1.0,0.002324680356450988,0.16666666666666666
1018,llava_onevision,False,0.28521925482870264,0.060829135993800854,0.08280254777070063
1019,smolvlm,False,1.0,0.0,
1019,llava_onevision,False,0.24215868868336218,0.06974041069352964,0.1111111111111111
1020,smolvlm,False,0.9057006759497539,0.0007748934521503294,0.0
1020,llava_onevision,False,0.45925812643990044,0.004649360712901976,0.0
1021,smolvlm,False,0.975,0.001162340178225494,0.3333333333333333
1021,llava_onevision,False,0.15947335863859102,0.06857807051530415,0.11864406779661017
1022,smolvlm,False,1.0,0.0,
1022,llava_onevision,False,0.2222492085364974,0.063541263076327,0.11585365853658537
1023,smolvlm,False,0.7075982261787133,0.0019372336303758234,0.2
1023,llava_onevision,False,0.2899484201907557,0.03796977915536614,0.061224489795918366
1024,smolvlm,False,0.9057006759497539,0.0030995738086013174,0.125
1024,llava_onevision,False,0.975,0.003487020534676482,0.0
1025,smolvlm,False,0.7075982261787133,0.0027121270825261525,0.2857142857142857
1025,llava_onevision,False,0.25246050864195285,0.056179775280898875,0.0896551724137931
1026,smolvlm,False,0.7164179361180893,0.0019372336303758234,0.2
1026,llava_onevision,False,0.25740245260777805,0.07245253777605579,0.10160427807486631
1027,smolvlm,False,1.0,0.0,
1027,llava_onevision,False,0.2050577367080639,0.059279349089500194,0.10457516339869281
1028,smolvlm,False,0.9874208829065749,0.0038744672607516468,0.1
1028,llava_onevision,False,0.21875647184527944,0.07322743122820612,0.12169312169312169
1029,smolvlm,False,1.0,0.0,
1029,llava_onevision,False,0.5265096708752065,0.006974041069352964,0.05555555555555555
1030,smolvlm,False,1.0,0.0015497869043006587,0.25
1030,llava_onevision,False,0.25753906462773546,0.04571871367686943,0.0847457627118644
1031,smolvlm,False,0.975,0.0027121270825261525,0.14285714285714285
1031,llava_onevision,False,0.36029743526787744,0.021309569934134055,0.07272727272727272
1032,smolvlm,False,0.815948432359917,0.013560635412630763,0.34285714285714286
1032,llava_onevision,False,0.7075982261787133,0.0038744672607516468,0.0
1033,smolvlm,False,0.8818827512429748,0.013948082138705927,0.3333333333333333
1033,llava_onevision,False,0.2366373998760999,0.04261913986826811,0.08181818181818182
1034,smolvlm,False,0.7075982261787133,0.003487020534676482,0.2222222222222222
1034,llava_onevision,False,0.4450161170281954,0.009686168151879117,0.08
1035,smolvlm,False,0.7164179361180893,0.0038744672607516468,0.3
1035,llava_onevision,False,0.6412345789976748,0.006974041069352964,0.0
1036,smolvlm,False,0.975,0.0027121270825261525,0.14285714285714285
1036,llava_onevision,False,0.9057006759497539,0.010461061604029445,0.07407407407407407
1037,smolvlm,False,0.9057006759497539,0.0027121270825261525,0.14285714285714285
1037,llava_onevision,False,0.7075982261787133,0.0065865943432778,0.058823529411764705
1038,smolvlm,False,1.0,0.0,
1038,llava_onevision,False,0.5218237501049814,0.004649360712901976,0.08333333333333333
1039,smolvlm,False,0.842987229512942,0.005424254165052305,0.2857142857142857
1039,llava_onevision,False,0.24705263800047092,0.019372336303758234,0.1
1040,smolvlm,False,0.975,0.0015497869043006587,0.25
1040,llava_onevision,False,0.48249651491733697,0.008911274699728787,0.08695652173913043
1041,smolvlm,False,0.975,0.004649360712901976,0.16666666666666666
1041,llava_onevision,False,0.1610976152190796,0.025184037194885704,0.1076923076923077
1042,smolvlm,False,1.0,0.0019372336303758234,0.2
1042,llava_onevision,False,0.21668658946527453,0.04184424641611778,0.08333333333333333
1043,smolvlm,False,0.9010117215574921,0.004649360712901976,0.3333333333333333
1043,llava_onevision,False,0.2803793359094109,0.02324680356450988,0.08333333333333333
1044,smolvlm,False,0.5218237501049814,0.0038744672607516468,0.3
1044,llava_onevision,False,0.27932480031414925,0.048430840759395584,0.064
1045,smolvlm,False,0.932414013511457,0.0030995738086013174,0.125
1045,llava_onevision,False,0.23503477317459076,0.03332041844246416,0.08139534883720931
1046,smolvlm,False,0.975,0.008523827973653622,0.36363636363636365
1046,llava_onevision,False,0.23867604726407446,0.06702828361100349,0.11560693641618497
1047,smolvlm,False,0.841886116991581,0.0030995738086013174,0.25
1047,llava_onevision,False,0.33137666445676583,0.03487020534676482,0.07777777777777778
1048,smolvlm,False,1.0,0.0003874467260751647,0.0
1048,llava_onevision,False,0.1865620100720224,0.03990701278574196,0.0970873786407767
1049,smolvlm,False,0.7772219044964879,0.006974041069352964,0.3333333333333333
1049,llava_onevision,False,0.21221173695433954,0.049980627663696243,0.09302325581395349
1050,smolvlm,False,0.841886116991581,0.0038744672607516468,0.2
1050,llava_onevision,False,0.45925812643990044,0.002324680356450988,0.0
1051,smolvlm,False,1.0,0.0,
1051,llava_onevision,False,0.975,0.0007748934521503294,0.0
1052,smolvlm,False,0.6412345789976748,0.002324680356450988,0.3333333333333333
1052,llava_onevision,False,0.975,0.004649360712901976,0.0
1053,smolvlm,False,0.7879914932211319,0.008136381247578458,0.3333333333333333
1053,llava_onevision,False,0.2697659617707111,0.12437039907012785,0.13395638629283488
1054,smolvlm,False,0.841886116991581,0.002324680356450988,0.16666666666666666
1054,llava_onevision,False,0.2602806541952141,0.02557148392096087,0.09090909090909091
1055,smolvlm,False,1.0,0.0,
1055,llava_onevision,False,0.45925812643990044,0.005424254165052305,0.07142857142857142
1056,smolvlm,False,1.0,0.001162340178225494,0.0
1056,llava_onevision,False,0.1865620100720224,0.05424254165052305,0.10714285714285714
1057,smolvlm,False,1.0,0.0,
1057,llava_onevision,False,0.5787231970431952,0.0065865943432778,0.0
1058,smolvlm,False,0.932414013511457,0.0027121270825261525,0.0
1058,llava_onevision,False,0.20386474873289892,0.036807438977140644,0.08421052631578947
1059,smolvlm,False,0.6508557944128242,0.006974041069352964,0.3888888888888889
1059,llava_onevision,False,0.20806942989500746,0.03874467260751647,0.08
1060,smolvlm,False,1.0,0.0,
1060,llava_onevision,False,0.17539243001292093,0.07090275087175513,0.13114754098360656
1061,smolvlm,False,1.0,0.0,
1061,llava_onevision,False,0.243316350759155,0.030220844633862844,0.07692307692307693
1062,smolvlm,False,1.0,0.0015497869043006587,0.0
1062,llava_onevision,False,0.28869100406004927,0.042231693142192946,0.05504587155963303
1063,smolvlm,False,0.975,0.004261913986826811,0.18181818181818182
1063,llava_onevision,False,0.6023646356164746,0.003487020534676482,0.0
1064,smolvlm,False,0.975,0.001162340178225494,0.3333333333333333
1064,llava_onevision,False,0.2194866074534804,0.04416892677256877,0.09649122807017543
1065,smolvlm,False,1.0,0.0,
1065,llava_onevision,False,0.2899484201907557,0.0515304145679969,0.08270676691729323
1066,smolvlm,False,1.0,0.001162340178225494,0.3333333333333333
1066,llava_onevision,False,0.841886116991581,0.004649360712901976,0.0
1067,smolvlm,False,0.975,0.0030995738086013174,0.25
1067,llava_onevision,False,0.18210783638486008,0.06160402944595118,0.11320754716981132
1068,smolvlm,False,0.7075982261787133,0.0019372336303758234,0.2
1068,llava_onevision,False,0.6023646356164746,0.005036807438977141,0.0
1069,smolvlm,False,0.975,0.0015497869043006587,0.25
1069,llava_onevision,False,0.45925812643990044,0.003487020534676482,0.0
1070,smolvlm,False,1.0,0.0019372336303758234,0.2
1070,llava_onevision,False,0.5218237501049814,0.004261913986826811,0.0
1071,smolvlm,False,1.0,0.0,
1071,llava_onevision,False,0.17324478137360572,0.0515304145679969,0.09022556390977443
1072,smolvlm,False,1.0,0.0,
1072,llava_onevision,False,0.23677527428693765,0.036032545524990314,0.07526881720430108
1073,smolvlm,False,0.5218237501049814,0.0030995738086013174,0.375
1073,llava_onevision,False,0.7075982261787133,0.006199147617202635,0.0625
1074,smolvlm,False,0.9057006759497539,0.004261913986826811,0.09090909090909091
1074,llava_onevision,False,0.5218237501049814,0.006974041069352964,0.05555555555555555
1075,smolvlm,False,0.8058795503167565,0.004261913986826811,0.2727272727272727
1075,llava_onevision,False,0.16548194660377283,0.04881828748547075,0.10317460317460317
1076,smolvlm,False,1.0,0.0,
1076,llava_onevision,False,0.23440832250510524,0.06199147617202635,0.1
1077,smolvlm,False,1.0,0.0027121270825261525,0.14285714285714285
1077,llava_onevision,False,0.21407763841263086,0.10693529639674544,0.13405797101449277
1078,smolvlm,False,0.975,0.001162340178225494,0.3333333333333333
1078,llava_onevision,False,0.28491415291815436,0.0038744672607516468,0.1
1079,smolvlm,False,0.975,0.002324680356450988,0.16666666666666666
1079,llava_onevision,False,0.21888678652085788,0.05734211545912437,0.10135135135135136
1080,smolvlm,False,0.9057006759497539,0.008136381247578458,0.38095238095238093
1080,llava_onevision,False,0.19295733056970335,0.06276636962417667,0.1111111111111111
1081,smolvlm,False,1.0,0.0,
1081,llava_onevision,False,0.6023646356164746,0.00581170089112747,0.06666666666666667
1082,smolvlm,False,0.9874208829065749,0.004261913986826811,0.18181818181818182
1082,llava_onevision,False,0.21875647184527944,0.0778767919411081,0.11940298507462686
1083,smolvlm,False,1.0,0.0019372336303758234,0.2
1083,llava_onevision,False,0.23677527428693765,0.04726850058117009,0.08196721311475409
1084,smolvlm,False,0.9915962413403874,0.010461061604029445,0.3333333333333333
1084,llava_onevision,False,0.6023646356164746,0.003487020534676482,0.0
1085,smolvlm,False,0.8818827512429748,0.006974041069352964,0.2777777777777778
1085,llava_onevision,False,0.20791732488394768,0.048430840759395584,0.096
1086,smolvlm,False,1.0,0.0019372336303758234,0.2
1086,llava_onevision,False,0.40961639722500337,0.004261913986826811,0.0
1087,smolvlm,False,1.0,0.0,
1087,llava_onevision,False,0.20226431252635502,0.053855094924447885,0.10071942446043165
1088,smolvlm,False,0.7233303143178942,0.009686168151879117,0.36
1088,llava_onevision,False,0.2776383400220281,0.05075552111584657,0.08396946564885496
1089,smolvlm,False,1.0,0.0,
1089,llava_onevision,False,0.2602806541952141,0.02247191011235955,0.10344827586206896
1090,smolvlm,False,0.7551367836334484,0.006199147617202635,0.3125
1090,llava_onevision,False,0.18663670645755404,0.03332041844246416,0.09302325581395349
1091,smolvlm,False,0.9057006759497539,0.003487020534676482,0.1111111111111111
1091,llava_onevision,False,0.5787231970431952,0.00581170089112747,0.0
1092,smolvlm,False,1.0,0.0,
1092,llava_onevision,False,0.195856020558107,0.06276636962417667,0.10493827160493827
1093,smolvlm,False,0.9057006759497539,0.0019372336303758234,0.0
1093,llava_onevision,False,0.6023646356164746,0.003487020534676482,0.0
1094,smolvlm,False,0.9057006759497539,0.0003874467260751647,0.0
1094,llava_onevision,False,0.12565855717499214,0.046881053855094924,0.10743801652892562
1095,smolvlm,False,0.7772219044964879,0.003487020534676482,0.2222222222222222
1095,llava_onevision,False,0.36941664755281917,0.0065865943432778,0.11764705882352941
1096,smolvlm,False,0.8058795503167565,0.0077489345215032935,0.35
1096,llava_onevision,False,0.3362671168799428,0.009686168151879117,0.12
1097,smolvlm,False,0.9057006759497539,0.0027121270825261525,0.14285714285714285
1097,llava_onevision,False,0.22929254895749246,0.07361487795428129,0.11578947368421053
1098,smolvlm,False,1.0,0.0,
1098,llava_onevision,False,0.3236113581888329,0.02479659046881054,0.078125
1099,smolvlm,False,0.9057006759497539,0.002324680356450988,0.16666666666666666
1099,llava_onevision,False,0.27450348714235545,0.033707865168539325,0.06896551724137931
